{
"lengthUnit": "mil",
"remark": [],
"components": {
	"fields": ["COMPONENT_NO", "COMPONENT_NAME", "LAYER", "X_COORDINATE", "Y_COORDINATE", "ANGLE"],
	"rows": [
		[1, "R1", "B", 129.5781, 1343.8861, 180],
		[2, "U1", "B", 7.7873, 1344.0946, 0]
	]
},
"pins": {
	"fields": ["PIN_NO", "PIN_NAME", "PIN_X", "PIN_Y", "LAYER", "PIN_TYPE", "NET_NAME", "NET_TYPE", "PAD_SHAPE", "PAD_SIZEX", "PAD_SIZEY", "HOLE_SIZE", "HOLE_LEN", "PAD_ANGLE"],
	"rows": [
		[1, "R1_1", 159.2381, 1343.8861, "B", "SMD", "NET_1", "", "R", 31.751, 34.016, 0, 0, 180],
		[2, "R1_2", 99.9181, 1343.8861, "B", "SMD", "NET_2", "", "R", 31.751, 34.016, 0, 0, 180],
		[3, "U1_1", -23.6877, 1344.2366, "B", "SMD", "NET_3", "", "R", 31.496, 31.496, 0, 0, 270],
		[4, "U1_2", 39.2623, 1343.9566, "B", "SMD", "NET_4", "", "R", 31.496, 31.496, 0, 0, 270]
	]
}
}